{
  "properties": [
    {
      "name": "spring.jta.atomikos.transactionManagerUniqueName",
      "type": "java.lang.String",
      "description": "A description for 'spring.jta.atomikos.transactionManagerUniqueName'"
    },
    {
      "name": "spring.jta.atomikos.datasource.beanName",
      "type": "java.lang.String",
      "description": "A description for 'spring.jta.atomikos.datasource.beanName'"
    },
    {
      "name": "java.configuration.updateBuildConfiguration.enabled",
      "type": "java.lang.Boolean",
      "description": "A description for 'java.configuration.updateBuildConfiguration.enabled'",
      "defaultValue": false
    }
  ]
}